date,timestamp,note
2026-07-15,2026-07-15 17:47:57 CST,automated daily research check-in
2026-07-16,2026-07-16 12:24:05 CST,automated daily research check-in
2026-07-17,2026-07-17 12:22:54 CST,automated daily research check-in
2026-07-18,2026-07-18 01:15:27 CST,automated daily research check-in
2026-07-19,2026-07-19 03:56:07 CST,automated daily research check-in
2026-07-20,2026-07-20 04:10:19 CST,automated daily research check-in
2026-07-21,2026-07-21 04:50:37 CST,automated daily research check-in
2026-07-22,2026-07-22 04:45:39 CST,automated daily research check-in
2026-07-23,2026-07-23 04:19:48 CST,automated daily research check-in
